{
  "project_info": {
    "project_number": "223341901953",
    "project_id": "mobile-dev-assessment",
    "storage_bucket": "mobile-dev-assessment.appspot.com"
  },
  "client": [
    {
      "client_info": {
        "mobilesdk_app_id": "1:223341901953:android:2849fbf15524f9ece7b580",
        "android_client_info": {
          "package_name": "com.example.navigation"
        }
      },
      "oauth_client": [
        {
          "client_id": "223341901953-2j8ps84f7g7gbh6ibj64mlj4ta5qoupa.apps.googleusercontent.com",
          "client_type": 3
        }
      ],
      "api_key": [
        {
          "current_key": "AIzaSyBGctYLmys4IBWmgzUkAnOd9BaoLX9884k"
        }
      ],
      "services": {
        "appinvite_service": {
          "other_platform_oauth_client": [
            {
              "client_id": "223341901953-2j8ps84f7g7gbh6ibj64mlj4ta5qoupa.apps.googleusercontent.com",
              "client_type": 3
            }
          ]
        }
      }
    }
  ],
  "configuration_version": "1"
}