[
    {
      "name":"Grill21",
      "address":"268C High St, Arbroath",
      "delivery_charge": 5,
      "image":"https://media-cdn.tripadvisor.com/media/photo-s/1b/16/4e/42/photo2jpg.jpg",

      "hours":{
        "Sunday":"11:00 AM - 7:00 PM",
        "Monday":"10:00 AM - 9:00 PM",
        "Tuesday":"10:00 AM - 10:00 PM",
        "Wednesday":"10:00 AM - 11:00 PM",
        "Thursday":"10:00 AM - 10:00 PM",
        "Friday":"10:00 AM - 11:00 PM",
        "Saturday":"10:00 AM - 2:00 PM"
      },
      "menus": [
        {
          "name": "Soup of the Day ",
          "price": 5.99,
          "url": "https://www.eatwell101.com/wp-content/uploads/2020/02/chicken-soup-recipe-3.jpg"
        },
        {
          "name": "Lasagne",
          "price": 10.99,
          "url": "https://www.jessicagavin.com/wp-content/uploads/2017/07/meat-lasagna-1200.jpg"
        },
        {
          "name": "Macaroni Cheese ",
          "price": 9.99 ,
          "url": "https://www.thechunkychef.com/wp-content/uploads/2018/02/Ultimate-Creamy-Baked-Mac-and-Cheese-feat-1-440x500.jpg"
        },
        {
          "name": "Penne Chicken Pasta",
          "price": 10.99 ,
          "url": "https://www.saltandlavender.com/wp-content/uploads/2020/03/chicken-penne-pasta-recipe-1.jpg"
        },
        {
          "name": "Pasta Carbonara ",
          "price": 11.99 ,
          "url": "https://www.cookingclassy.com/wp-content/uploads/2020/10/spaghetti-carbonara-01.jpg"
        },
        {
          "name": "The Grill 21 Pizza - 12",
          "price": 13.50,
          "url": "https://www.recipetineats.com/wp-content/uploads/2020/05/Pepperoni-Pizza_5-SQjpg.jpg"
        },
        {
          "name": "Lamb Shank Casserole",
          "price": 15.99 ,
          "url": "https://gbc-cdn-public-media.azureedge.net/img29258.768x512.jpg"
        },
        {
          "name": "Scampi ",
          "price": 10.99,
          "url": "https://i2.wp.com/mygorgeousrecipes.com/wp-content/uploads/2020/07/Breaded-Scampi-Best-Langoustine-Recipe-2.jpg"
        },
        {
          "name": "Sea Bass",
          "price": 13.99,
          "url": "https://images.immediate.co.uk/production/volatile/sites/30/2020/08/sea-bass-artichoke-salad-27a2f85.jpg?quality=90&resize=960,872"
        },
        {
          "name": "Salmon ",
          "price": 12.99,
          "url": "https://www.cookingclassy.com/wp-content/uploads/2019/06/brown-sugar-lime-baked-salmon-22.jpg"
        }
      ]
    },
    {
      "name":"The Old Brewhouse",
      "address":"1 High St, Arbroath",
      "delivery_charge": 5,
      "image":"https://www.sallyakins.com/wp-content/uploads/2018/01/old-brewhouse-arbroath-p3-563x750.jpg",

      "hours":{
        "Sunday":"11:00 AM - 7:00 PM",
        "Monday":"10:00 AM - 10:00 PM",
        "Tuesday":"10:00 AM - 10:00 PM",
        "Wednesday":"10:00 AM - 8:00 PM",
        "Thursday":"10:00 AM - 10:00 PM",
        "Friday":"10:00 AM - 10:00 PM",
        "Saturday":"9:00 AM - 1:00 PM"
      },
      "menus": [
        {
          "name": "Duck Breast",
          "price": 15.25,
          "url": "https://honest-food.net/wp-content/uploads/2014/12/slicing-seared-duck-breast.jpg"
        },
        {
          "name": "Mushroom Linguini",
          "price": 9.55,
          "url": "https://www.saltandlavender.com/wp-content/uploads/2018/07/creamy-mushroom-pasta-recipe-2.jpg"
        },
        {
          "name": "Steak Pie",
          "price": 9.75,
          "url": "https://www.kitchensanctuary.com/wp-content/uploads/2015/01/Steak-Pie-square-FS-1.jpg"
        },
        {
          "name": "Fries",
          "price": 2.00,
          "url": "https://images.fineartamerica.com/images-medium-large-5/crinkle-cut-french-fries-full-frame-foodcollection.jpg"
        },
        {
          "name": "Milkshake",
          "price": 3.49,
          "url": "https://files.heftycdn.com/wp-content/uploads/2020/06/7c19980b4ec07e741b2823ea45370467.png"
        },
        {
          "name": "Chocolate Shake",
          "price": 4.95,
          "url": "https://www.mcdonalds.com/is/image/content/dam/usa/nfl/nutrition/items/hero/desktop/t-mcdonalds-Chocolate-McCafe-Shake-Medium.jpg?$Product_Desktop$"
        },
        {
          "name": "Strawberry Shake",
          "price": 3.59,
          "url": "https://www.mcdonalds.com/is/image/content/dam/usa/nfl/nutrition/items/hero/desktop/t-mcdonalds-Strawberry-McCafe-Shake-Medium.jpg?$Product_Desktop$"
        },
        {
          "name": "Filet-O-Fish",
          "price": 5.49,
          "url": "https://www.mcdonalds.com/is/image/content/dam/usa/nfl/nutrition/items/hero/desktop/t-mcdonalds-Filet-O-Fish.png?$Product_Desktop$"
        },
        {
          "name": "McNuggets",
          "price": 3.99,
          "url": "https://www.mcdonalds.com/is/image/content/dam/usa/nfl/nutrition/items/hero/desktop/t-mcdonalds-Chicken-McNuggets-4pc.jpg?$Product_Desktop$"
        },
        {
          "name": "Combo Meal",
          "price": 8.29,
          "url": "https://www.mcdonalds.com/is/image/content/dam/usa/nfl/assets/meal/desktop/h-mcdonalds-Big-Mac-Extra-Value-Meals.jpg?$Product_Desktop$"
        },
        {
          "name": "McMuffin Meal",
          "price": 6.99,
          "url": "https://www.mcdonalds.com/is/image/content/dam/usa/nfl/assets/meal/desktop/h-mcdonalds-Egg-McMuffin-Extra-Value-Meals.jpg?$Product_Desktop$"
        }
      ]
    },
  {
    "name":"McDonald's",
    "address":"Westway Westway Retail Park, Arbroath ",
    "delivery_charge": 5,
    "image":"https://www.mcdonalds.com/content/dam/usa/nfl/assets/nav/arches-logo_108x108.jpg",
    "hours":{
      "Sunday":"11:00 AM - 7:00 PM",
      "Monday":"10:00 AM - 10:00 PM",
      "Tuesday":"10:00 AM - 10:00 PM",
      "Wednesday":"10:00 AM - 8:00 PM",
      "Thursday":"10:00 AM - 10:00 PM",
      "Friday":"10:00 AM - 10:00 PM",
      "Saturday":"9:00 AM - 2:00 PM"
    },
    "menus": [
      {
        "name": "Chocolate Shake",
        "price": 4.95,
        "url": "https://www.mcdonalds.com/is/image/content/dam/usa/nfl/nutrition/items/hero/desktop/t-mcdonalds-Chocolate-McCafe-Shake-Medium.jpg?$Product_Desktop$"
      },
      {
        "name": "Strawberry Shake",
        "price": 3.59,
        "url": "https://www.mcdonalds.com/is/image/content/dam/usa/nfl/nutrition/items/hero/desktop/t-mcdonalds-Strawberry-McCafe-Shake-Medium.jpg?$Product_Desktop$"
      },
      {
        "name": "Filet-O-Fish",
        "price": 5.49,
        "url": "https://www.mcdonalds.com/is/image/content/dam/usa/nfl/nutrition/items/hero/desktop/t-mcdonalds-Filet-O-Fish.png?$Product_Desktop$"
      },
      {
        "name": "McNuggets",
        "price": 3.99,
        "url": "https://www.mcdonalds.com/is/image/content/dam/usa/nfl/nutrition/items/hero/desktop/t-mcdonalds-Chicken-McNuggets-4pc.jpg?$Product_Desktop$"
      },
      {
        "name": "Combo Meal",
        "price": 8.29,
        "url": "https://www.mcdonalds.com/is/image/content/dam/usa/nfl/assets/meal/desktop/h-mcdonalds-Big-Mac-Extra-Value-Meals.jpg?$Product_Desktop$"
      },
      {
        "name": "McMuffin Meal",
        "price": 6.99,
        "url": "https://www.mcdonalds.com/is/image/content/dam/usa/nfl/assets/meal/desktop/h-mcdonalds-Egg-McMuffin-Extra-Value-Meals.jpg?$Product_Desktop$"
      }
    ]
  },
  {
    "name":"KFC",
    "address":"Westway Westway Retail Park Arbroath",
    "delivery_charge": 6,
    "image":"https://uploads-ssl.webflow.com/5ec93a792b50b6ab9b0bc74f/5eca72d2a391aa02be7a7583_kfc_-%20logo-300x143.png",
    "hours":{
      "Sunday":"11:00 AM - 7:00 PM",
      "Monday":"10:00 AM - 10:00 PM",
      "Tuesday":"10:00 AM - 10:00 PM",
      "Wednesday":"10:00 AM - 8:00 PM",
      "Thursday":"10:00 AM - 10:00 PM",
      "Friday":"10:00 AM - 10:00 PM",
      "Saturday":"10:00 AM - 3:00 PM"
    },
    "menus": [
      {
        "name": "CHICKEN FINGER SANDWICH",
        "price": 4.00,
        "url": "https://api.thelevelup.com/v15/order_ahead/menu_image_stores/70461/image?density=3&height=300&width=420"
      },
      {
        "name": "FINGERZ BOXED LUNCH",
        "price": 3.25,
        "url": "https://api.thelevelup.com/v15/order_ahead/menu_image_stores/70463/image?density=3&height=300&width=420"
      },
      {
        "name": "HOUSE ZALAD BOXED",
        "price": 5.49,
        "url": "https://api.thelevelup.com/v15/order_ahead/menu_image_stores/70465/image?density=3&height=300&width=420"
      },
      {
        "name": "COBB ZALAD BOXED",
        "price": 3.99,
        "url": "https://api.thelevelup.com/v15/order_ahead/menu_image_stores/70468/image?density=3&height=300&width=420"
      },
      {
        "name": "COOKIE AND BROWNIE ",
        "price": 8.09,
        "url": "https://api.thelevelup.com/v15/order_ahead/menu_image_stores/70543/image?density=3&height=300&width=420"
      },
      {
        "name": "BROWNIE PLATTER",
        "price": 6.49,
        "url": "https://api.thelevelup.com/v15/order_ahead/menu_image_stores/70540/image?density=3&height=300&width=420"
      }
    ]
  }
]